{
  "train_loss": [
    5.408335963389616,
    5.359154938259429,
    5.246761948674451,
    5.159004470273789,
    5.096266532369418,
    5.044100187884646,
    4.99282795979959,
    4.95172726891668,
    4.91460895583478,
    4.8750086298721795,
    4.848690601822629,
    4.823725614446899,
    4.801325548366735,
    4.784815370048919,
    4.77057022496844,
    4.75513816425359,
    4.746173884527379,
    4.735332915811898,
    4.720263617938299,
    4.708733800497081,
    4.695326677647151,
    4.679065840993372,
    4.665857205203566,
    4.658498081702699,
    4.646064593360423,
    4.642866609298564,
    4.623246903108726,
    4.609296098311503,
    4.597746093133581,
    4.590807830006312,
    4.575637285239466,
    4.576160163030614,
    4.547973459444532,
    4.54907885360778,
    4.540109642526038,
    4.5240545358608175,
    4.510869786324365,
    4.517747023926937,
    4.514756310902241,
    4.497806317313003,
    4.47143342793317,
    4.464097882475935,
    4.465515030771659,
    4.443275541955973,
    4.435751526254537,
    4.411985012377702,
    4.4106387523177375,
    4.396805375424097,
    4.379218466447057,
    4.359788155130582,
    4.3600840364624425,
    4.339762536738599,
    4.303203316090027,
    4.298931375256431,
    4.307304508738362,
    4.261453997849929,
    4.253980374437825,
    4.229055300220924,
    4.209661203546631,
    4.2099723412596655,
    4.180006188851191,
    4.200861507811267,
    4.168527688328468,
    4.115554604899795,
    4.1500423480156226,
    4.117897846353756,
    4.08761292804166,
    4.0655099761322395,
    4.039724149217887,
    4.037185271643719,
    4.015632859347877,
    4.002353643532034,
    3.9805156749299746,
    4.044659896737415,
    3.9642168514281204,
    3.95055383745759,
    3.9320830600540475,
    3.9102788018901884,
    3.857789723301641,
    3.9089550026136184,
    3.889920008790141,
    3.8562147716289252,
    3.841568876859121,
    3.8158124069206645,
    3.776196131105018,
    3.772499926029667,
    3.834942444916759,
    3.8139427297025406,
    3.7883558906891075,
    3.717697733487356,
    3.7467777829488518,
    3.7255422102458775,
    3.7000905597211813,
    3.665646890595412,
    3.641430429052588,
    3.6616725069840323,
    3.6795967707634722,
    3.687804164468104,
    3.5968278207970057,
    3.604942019587344
  ],
  "train_acc": [
    0.36294776708221554,
    0.867918573457472,
    2.067224238598706,
    2.477513018778602,
    2.950923149755405,
    2.651096733470096,
    2.808900110462364,
    2.4459523433801484,
    2.7773394350639102,
    2.7615590973646835,
    2.9035821366577244,
    2.745778759665457,
    3.0298248382515385,
    2.745778759665457,
    2.745778759665457,
    2.5721950449739626,
    3.0298248382515385,
    3.0140445005523118,
    3.203408552943033,
    3.4401136184314343,
    3.124506864446899,
    3.5505759823260217,
    3.392772605333754,
    3.26652990373994,
    3.5663563200252484,
    3.21918889064226,
    3.881963074009784,
    3.787281047814423,
    3.787281047814423,
    4.323812529588134,
    4.38693388038504,
    4.008205775603598,
    4.402714218084267,
    4.402714218084267,
    4.371153542685813,
    4.260691178791226,
    4.87612434906107,
    4.560517595076535,
    4.797222660564936,
    4.639419283572669,
    4.939245699857977,
    5.223291778444059,
    4.607858608174215,
    4.92346536215875,
    5.302193466940192,
    5.349534480037873,
    5.223291778444059,
    5.507337857030141,
    6.249013728893798,
    6.059649676503077,
    5.917626637210036,
    5.917626637210036,
    7.06959128925359,
    6.690863184472148,
    6.548840145179107,
    6.9591289253590025,
    6.8802272368628685,
    7.353637367839672,
    7.558781757929619,
    8.016411551207195,
    8.253116616695598,
    7.243175003945084,
    7.464099731734259,
    8.568723370680132,
    8.363578980590185,
    8.742307085371626,
    9.010572826258482,
    9.436641944137605,
    9.98895376361054,
    10.178317816001263,
    9.941612750512862,
    9.98895376361054,
    10.509704907685025,
    9.21571721634843,
    10.809531323970333,
    10.699068960075746,
    10.541265583083478,
    11.424964494240177,
    12.545368470885277,
    11.472305507337857,
    12.356004418494555,
    12.356004418494555,
    12.860975224869811,
    12.782073536373678,
    13.539529745936562,
    13.823575824522646,
    12.845194887170585,
    12.703171847877545,
    13.002998264162853,
    14.154962916206406,
    13.350165693545842,
    13.634211772131923,
    14.754615748777024,
    14.58103203408553,
    14.691494397980117,
    15.370048919046868,
    14.360107306296355,
    14.281205617800222,
    16.159065804008204,
    15.89080006312135
  ],
  "val_loss": [
    5.41526720942828,
    5.27522010788391,
    5.155129922863855,
    5.085738724905818,
    5.027889761175746,
    4.976519084829564,
    4.928280191139708,
    4.88761476854885,
    4.848356930686749,
    4.8170828077693,
    4.786887855589112,
    4.759648841424826,
    4.741488246858398,
    4.725592093371307,
    4.708821519908045,
    4.695982444341965,
    4.681229710764314,
    4.672411438836651,
    4.662463931236445,
    4.651124389879811,
    4.6495066245273335,
    4.649785509005675,
    4.612039993932792,
    4.60134526989879,
    4.580289458783566,
    4.5940377671462755,
    4.590856537292385,
    4.549959855354036,
    4.554494148835794,
    4.527604136459564,
    4.533212850104965,
    4.49436758984674,
    4.49055219401097,
    4.4844888179891775,
    4.47163459116341,
    4.456224697374074,
    4.433830380625154,
    4.445499263692236,
    4.430989147530373,
    4.41935454519874,
    4.404973753132679,
    4.3851803416968504,
    4.375768620341228,
    4.384521806221542,
    4.359303469605988,
    4.338240895263885,
    4.363648554770794,
    4.317984273607957,
    4.295152522171637,
    4.307782218393234,
    4.284354131292221,
    4.311474263946153,
    4.269302131970229,
    4.262962179643741,
    4.248684110389342,
    4.206530696311227,
    4.192593484050935,
    4.1826940732276645,
    4.208976075957018,
    4.161504964991639,
    4.143107011195846,
    4.138919729837919,
    4.102092309465305,
    4.14270877133632,
    4.115798866767349,
    4.077624786326526,
    4.076927784627555,
    4.09667556578783,
    4.0590288094005915,
    4.027480020122617,
    4.039922476927192,
    4.027536635079985,
    4.058498593548409,
    4.015175177557843,
    4.007823852135642,
    4.024599060114954,
    3.9863034347724025,
    3.971658371470023,
    3.958642971460037,
    3.948095822593843,
    3.9886658347413104,
    3.9343046700787583,
    3.908421200875361,
    3.894460847181258,
    3.9069818964642278,
    3.9450999414939347,
    3.9338334070208654,
    3.9124551434909947,
    3.8979083156882326,
    3.911166816625402,
    3.876967437530565,
    3.8823273174499464,
    3.831652800365703,
    3.866563465880754,
    3.845626271531148,
    3.887558613743048,
    3.93637340769612,
    3.8711265809428452,
    3.8711939262194357,
    3.8622183922104667
  ],